[
    {
        "Num1": 635809,
        "Num2": 691671
    },
    {
        "Num1": 59995,
        "Num2": 888765
    },
    {
        "Num1": 906545,
        "Num2": 993154
    },
    {
        "Num1": 246962,
        "Num2": 802941
    },
    {
        "Num1": 177373,
        "Num2": 274021
    },
    {
        "Num1": 906980,
        "Num2": 1
    },
    {
        "Num1": 246532,
        "Num2": 258476
    },
    {
        "Num1": 0,
        "Num2": 519498
    },
    {
        "Num1": 76,
        "Num2": 68
    },
    {
        "Num1": 979018,
        "Num2": 84
    }
]